a_id;x_accel;y_accel;z_accel;timestamp
1;366;392;664;1466935993.1114752
1;333;386;586;1466935993.1319702
1;338;376;556;1466935993.1523676
1;426;416;514;1466935993.1726546
1;488;438;482;1466935993.1930816
1;494;456;484;1466935993.2135718
1;472;490;518;1466935993.2339973
1;530;568;546;1466935993.2541769
1;696;688;582;1466935993.2742198
1;696;688;582;1466935993.2945712
1;828;752;524;1466935993.315019
1;920;832;272;1466935993.335297
1;575;920;480;1466935993.3554637
1;104;612;752;1466935993.3759136
1;104;104;588;1466935993.396314
1;219;670;680;1466935993.4169362
1;643;568;572;1466935993.437362
1;919;628;486;1466935993.4574842
1;920;692;372;1466935993.4777908
1;625;696;528;1466935993.4980166
1;104;238;730;1466935993.5191064
1;104;350;544;1466935993.5392003
1;344;560;602;1466935993.559244
1;818;620;594;1466935993.579425
1;920;582;424;1466935993.5997193
1;761;614;368;1466935993.620082
1;110;264;668;1466935993.6403952
1;104;242;572;1466935993.66083
1;258;492;614;1466935993.681396
1;612;584;568;1466935993.7015746
1;919;638;492;1466935993.7222466
1;920;660;354;1466935993.7428534
1;783;666;424;1466935993.7637725
1;153;340;596;1466935993.7841296
1;104;218;518;1466935993.8042881
1;349;474;638;1466935993.8257012
1;871;692;616;1466935993.8459387
1;920;708;376;1466935993.8665018
1;796;918;470;1466935993.8870904
1;119;626;812;1466935993.9078512
1;104;104;472;1466935993.9284244
1;104;454;440;1466935993.9488702
1;361;650;590;1466935993.9692304
1;918;688;588;1466935993.9892821
1;920;724;434;1466935994.009602
1;649;690;490;1466935994.0299668
1;104;216;634;1466935994.0503285
1;104;190;390;1466935994.0706036
1;182;500;552;1466935994.091063
1;606;630;618;1466935994.1115897
1;920;722;568;1466935994.1322167
1;920;764;354;1466935994.1527398
1;555;780;562;1466935994.173292
1;104;190;710;1466935994.193653
1;104;238;430;1466935994.2140872
1;353;556;632;1466935994.2343125
1;811;676;584;1466935994.2544186
1;920;662;432;1466935994.2745605
1;920;852;376;1466935994.2958705
1;367;848;702;1466935994.3163695
1;104;104;652;1466935994.3369997
1;104;368;368;1466935994.357687
1;363;620;608;1466935994.3784397
1;747;650;620;1466935994.399149
1;920;714;444;1466935994.4192736
1;873;900;416;1466935994.4396102
1;105;444;790;1466935994.459979
1;104;104;394;1466935994.4803436
1;104;468;536;1466935994.50079
1;479;654;580;1466935994.5212982
1;902;708;604;1466935994.5417771
1;920;706;406;1466935994.5623016
1;788;834;440;1466935994.582684
1;106;442;832;1466935994.6029851
1;104;104;430;1466935994.623579
1;104;520;494;1466935994.6441078
1;606;676;614;1466935994.6643045
1;919;724;550;1466935994.6845121
1;920;766;334;1466935994.704863
1;703;908;544;1466935994.7251205
1;104;324;834;1466935994.745535
1;104;120;350;1466935994.7658398
1;162;550;604;1466935994.786525
1;592;666;632;1466935994.8069715
1;920;672;552;1466935994.8273077
1;920;746;316;1466935994.8478012
1;640;850;588;1466935994.868575
1;104;232;812;1466935994.8893507
1;104;312;360;1466935994.9096515
1;289;646;612;1466935994.9300156
1;761;678;718;1466935994.9503572
1;920;654;414;1466935994.9706626
1;919;800;304;1466935994.9911757
1;393;816;746;1466935995.0114226
1;104;104;702;1466935995.032055
1;104;400;370;1466935995.0529366
1;387;676;632;1466935995.0739348
1;855;746;614;1466935995.0942194
1;920;726;302;1466935995.1143596
1;840;918;450;1466935995.1345627
1;104;446;918;1466935995.1549695
1;104;106;390;1466935995.1753726
1;215;554;612;1466935995.1964006
1;616;630;592;1466935995.2169976
1;919;650;526;1466935995.2374876
1;920;738;328;1466935995.2580023
1;694;906;582;1466935995.2783532
1;104;196;774;1466935995.2987552
1;104;178;406;1466935995.319554
1;318;618;614;1466935995.3399293
1;678;636;644;1466935995.3603008
1;920;676;406;1466935995.3806071
1;920;804;298;1466935995.4010887
1;635;920;676;1466935995.421395
1;104;140;772;1466935995.4416885
1;104;246;328;1466935995.4623432
1;290;610;648;1466935995.4825883
1;667;634;644;1466935995.502888
1;919;664;486;1466935995.523573
1;920;710;310;1466935995.5442448
1;404;742;692;1466935995.5642955
1;104;106;592;1466935995.584425
1;104;104;482;1466935995.6048057
1;334;594;598;1466935995.6249816
1;704;612;668;1466935995.6453
1;920;658;446;1466935995.6657467
1;920;750;366;1466935995.6862292
1;592;886;662;1466935995.7065623
1;104;140;744;1466935995.7271338
1;104;288;374;1466935995.747699
1;351;544;644;1466935995.767888
1;660;598;576;1466935995.7882273
1;920;638;444;1466935995.8086817
1;920;716;340;1466935995.829105
1;708;920;610;1466935995.8497796
1;104;106;622;1466935995.8702078
1;104;316;306;1466935995.8904178
1;359;560;592;1466935995.9108748
1;624;574;602;1466935995.9312654
1;919;598;440;1466935995.9518714
1;920;730;384;1466935995.97221
1;517;800;702;1466935995.9925308
1;104;116;708;1466935996.0128076
1;104;288;342;1466935996.033738
1;325;622;586;1466935996.0541089
1;718;620;670;1466935996.075243
1;920;630;406;1466935996.0956554
1;920;732;338;1466935996.116106
1;591;826;642;1466935996.1365988
1;104;220;780;1466935996.157195
1;104;186;354;1466935996.1774416
1;275;608;612;1466935996.1978076
1;673;646;616;1466935996.2183244
1;920;632;434;1466935996.23865
1;920;722;300;1466935996.2591166
1;665;884;584;1466935996.2793
1;104;108;726;1466935996.2994409
1;104;356;390;1466935996.3195934
1;400;592;606;1466935996.3398745
1;698;598;606;1466935996.3602538
1;920;602;470;1466935996.3805044
1;920;696;342;1466935996.4009738
1;393;630;674;1466935996.4214
1;104;142;658;1466935996.4418
1;104;370;582;1466935996.4624662
1;410;528;588;1466935996.483172
1;751;602;562;1466935996.5039067
1;920;630;434;1466935996.5241435
1;920;748;354;1466935996.5443392
1;703;916;596;1466935996.5645182
1;104;278;738;1466935996.5848267
1;104;248;548;1466935996.6051667
1;345;472;648;1466935996.625519
1;714;578;462;1466935996.6459942
1;919;568;370;1466935996.6665123
1;920;772;356;1466935996.6870165
1;637;920;736;1466935996.707207
1;104;214;824;1466935996.7274613
1;104;162;262;1466935996.748034
1;218;622;598;1466935996.7685921
1;556;616;616;1466935996.7891288
1;919;622;446;1466935996.8093278
1;920;708;340;1466935996.8295336
1;698;852;670;1466935996.849874
1;104;312;868;1466935996.8703082
1;104;148;320;1466935996.890729
1;294;584;594;1466935996.9111893
1;589;574;642;1466935996.9315763
1;841;636;532;1466935996.9519787
1;920;622;294;1466935996.972118
1;873;780;428;1466935996.9922073
1;131;482;822;1466935997.0129263
1;104;104;564;1466935997.0338447
1;168;496;604;1466935997.0542278
1;610;580;580;1466935997.075553
1;865;616;482;1466935997.0960414
1;920;640;356;1466935997.116598
1;920;824;384;1466935997.1370747
1;301;774;772;1466935997.1577017
1;104;104;650;1466935997.1784062
1;104;432;542;1466935997.1998866
1;503;588;602;1466935997.2206268
1;819;610;424;1466935997.2411232
1;920;584;328;1466935997.2616627
1;920;740;324;1466935997.2821627
1;565;850;694;1466935997.3026397
1;104;118;748;1466935997.3230336
1;104;350;414;1466935997.3434358
1;387;600;680;1466935997.363712
1;668;576;626;1466935997.3840115
1;905;582;402;1466935997.4042485
1;920;690;280;1466935997.4243584
1;816;898;658;1466935997.4445307
1;104;450;900;1466935997.4648414
1;104;104;394;1466935997.4851794
1;217;580;606;1466935997.5055096
1;557;590;620;1466935997.5258682
1;873;616;408;1466935997.5464125
1;920;596;312;1466935997.5666535
1;920;782;416;1466935997.5872514
1;237;654;864;1466935997.6079013
1;104;104;558;1466935997.6285954
1;203;476;538;1466935997.6492527
1;561;518;548;1466935997.6694403
1;768;556;524;1466935997.689618
1;919;580;376;1466935997.709938
1;920;724;376;1466935997.7303355
1;479;772;726;1466935997.7507246
1;104;128;700;1466935997.7710886
1;104;342;436;1466935997.7916234
1;368;546;628;1466935997.812262
1;669;596;556;1466935997.8329148
1;919;592;436;1466935997.8538265
1;920;674;324;1466935997.8742852
1;685;842;612;1466935997.894503
1;104;258;804;1466935997.914674
1;104;172;424;1466935997.9350276
1;250;542;622;1466935997.9559555
1;614;576;616;1466935997.976456
1;911;552;428;1466935997.997038
1;920;600;306;1466935998.017576
1;880;734;490;1466935998.0379403
1;209;552;842;1466935998.0583358
1;104;104;590;1466935998.0792108
1;256;502;630;1466935998.099317
1;532;552;606;1466935998.1194966
1;834;610;456;1466935998.139701
1;920;622;312;1466935998.160062
1;920;702;346;1466935998.180438
1;621;764;650;1466935998.2008932
1;104;206;778;1466935998.2214336
1;104;318;514;1466935998.2418687
1;364;538;700;1466935998.2622483
1;624;540;590;1466935998.2826807
1;850;564;362;1466935998.303112
1;920;622;238;1466935998.3234758
1;917;772;410;1466935998.344276
1;131;510;820;1466935998.3644443
1;104;106;600;1466935998.3845022
1;210;534;618;1466935998.4048524
1;514;530;620;1466935998.425234
1;742;556;446;1466935998.44548
1;904;542;324;1466935998.4659383
1;920;656;314;1466935998.4861968
1;701;754;618;1466935998.5063338
1;104;268;794;1466935998.5266569
1;104;204;512;1466935998.5472076
1;306;514;640;1466935998.5678504
1;564;520;612;1466935998.5883126
1;800;568;448;1466935998.6086779
1;920;612;340;1466935998.629288
1;908;780;464;1466935998.6494453
1;266;644;760;1466935998.6695032
1;104;104;578;1466935998.6896577
1;104;456;498;1466935998.710008
1;410;534;636;1466935998.7304173
1;659;550;544;1466935998.750867
1;892;578;388;1466935998.7712946
1;920;664;308;1466935998.7916462
1;822;804;562;1466935998.8120124
1;121;516;842;1466935998.8327165
1;104;104;534;1466935998.8530288
1;183;506;560;1466935998.873815
1;507;536;600;1466935998.8942204
1;774;574;442;1466935998.914501
1;919;572;344;1466935998.9345496
1;920;690;384;1466935998.9545984
1;546;724;660;1466935998.9749293
1;104;134;716;1466935998.995318
1;104;346;446;1466935999.01568
1;391;556;626;1466935999.0361214
1;641;544;616;1466935999.0574176
1;838;578;420;1466935999.0791101
1;920;650;304;1466935999.1037204
1;818;744;508;1466935999.1241145
1;105;332;796;1466935999.148198
1;104;180;556;1466935999.1690826
1;386;528;626;1466935999.1936681
1;665;554;590;1466935999.2141645
1;919;598;384;1466935999.235214
1;920;680;304;1466935999.258194
1;680;784;592;1466935999.2787948
1;275;622;768;1466935999.2989123
1;104;186;554;1466935999.3192446
1;290;476;618;1466935999.3399255
1;624;524;590;1466935999.360354
1;872;566;420;1466935999.3807576
1;920;654;286;1466935999.4012065
1;821;780;518;1466935999.4217963
1;137;518;856;1466935999.4423919
1;104;104;482;1466935999.463013
1;180;526;554;1466935999.4835343
1;487;544;622;1466935999.5039742
1;648;552;576;1466935999.5243201
1;920;590;336;1466935999.5444276
1;920;674;350;1466935999.564537
1;480;672;632;1466935999.5848424
1;104;142;658;1466935999.6051743
1;104;360;530;1466935999.6255705
1;420;518;626;1466935999.6461103
1;611;524;600;1466935999.6665702
1;848;640;430;1466935999.6871006
1;920;684;294;1466935999.7075727
1;888;848;478;1466935999.727965
1;179;698;794;1466935999.748333
1;104;104;582;1466935999.7691467
1;109;446;482;1466935999.7894323
1;500;544;598;1466935999.8095386
1;749;584;490;1466935999.8295786
1;920;544;344;1466935999.8497884
1;893;646;412;1466935999.8701231
1;470;616;692;1466935999.8904626
1;104;122;568;1466935999.9108653
1;104;384;458;1466935999.9313414
1;415;538;624;1466935999.951742
1;619;526;624;1466935999.9721725
1;902;646;460;1466935999.9924076
1;920;660;356;1466936000.0130072
1;676;702;520;1466936000.0337927
1;104;236;686;1466936000.0543633
1;105;388;612;1466936000.0744936
1;434;502;614;1466936000.0945282
1;656;544;558;1466936000.114706
1;816;600;458;1466936000.1349034
1;920;610;344;1466936000.1552389
1;920;786;406;1466936000.1755705
1;516;908;676;1466936000.195816
1;104;166;754;1466936000.216313
1;104;244;436;1466936000.2368364
1;316;532;632;1466936000.2575088
1;513;512;552;1466936000.2782261
1;720;552;374;1466936000.2985654
1;918;556;356;1466936000.319332
1;904;692;530;1466936000.339549
1;418;664;754;1466936000.3598902
1;104;106;620;1466936000.3801672
1;166;476;462;1466936000.4004533
1;463;476;612;1466936000.420694
1;597;492;432;1466936000.4411764
1;622;498;422;1466936000.4618702
1;918;588;410;1466936000.4825299
1;920;680;516;1466936000.5032628
1;495;658;638;1466936000.523675
1;104;212;640;1466936000.544226
1;104;368;582;1466936000.5644665
1;431;456;608;1466936000.5846775
1;531;496;494;1466936000.605012
1;694;572;356;1466936000.6251287
1;906;630;378;1466936000.6454854
1;920;706;402;1466936000.665875
1;849;804;516;1466936000.6862113
1;264;752;694;1466936000.7064657
1;104;104;642;1466936000.7266653
1;133;452;562;1466936000.7472575
1;431;448;620;1466936000.7674856
1;605;492;390;1466936000.788187
1;766;522;410;1466936000.8087993
1;920;616;390;1466936000.8290737
1;826;688;558;1466936000.8494337
1;108;366;666;1466936000.8697479
1;104;196;550;1466936000.8900645
1;305;448;586;1466936000.9104528
1;486;462;556;1466936000.9307473
1;669;532;446;1466936000.951209
1;911;564;424;1466936000.9717686
1;920;664;398;1466936000.9921482
1;639;706;602;1466936001.0128098
1;105;328;706;1466936001.033332
1;104;190;476;1466936001.053847
1;359;478;610;1466936001.0742912
1;498;486;568;1466936001.094466
1;703;570;456;1466936001.11458
1;919;580;432;1466936001.1348875
1;920;672;410;1466936001.1552036
1;525;664;624;1466936001.1755152
1;104;230;666;1466936001.195931
1;104;256;526;1466936001.2164516
1;316;474;650;1466936001.2367065
1;554;508;602;1466936001.257322
1;762;584;480;1466936001.2779675
1;920;600;372;1466936001.2984176
1;920;712;382;1466936001.3190014
1;467;714;678;1466936001.3393898
1;104;122;592;1466936001.3595033
1;111;428;534;1466936001.3796997
1;423;478;622;1466936001.4000602
1;563;488;558;1466936001.420454
1;777;558;416;1466936001.4409065
1;920;616;350;1466936001.4610653
1;911;714;448;1466936001.481607
1;299;590;738;1466936001.5020318
1;104;120;620;1466936001.5225275
1;125;440;564;1466936001.543008
1;438;480;616;1466936001.5633788
1;570;498;544;1466936001.5844038
1;852;586;384;1466936001.6046088
1;920;662;324;1466936001.6247845
1;855;754;468;1466936001.6451013
1;266;614;744;1466936001.6657522
1;104;106;604;1466936001.6860094
1;104;428;522;1466936001.7065122
1;370;516;656;1466936001.7271202
1;588;516;586;1466936001.747817
1;810;572;430;1466936001.7685666
1;920;634;348;1466936001.7894447
1;796;724;496;1466936001.8095906
1;152;462;748;1466936001.8297944
1;104;132;580;1466936001.8501549
1;205;448;596;1466936001.8702712
1;467;468;588;1466936001.8906345
1;605;490;544;1466936001.910949
1;809;594;434;1466936001.931477
1;920;622;386;1466936001.952039
1;801;640;436;1466936001.9723551
1;273;458;640;1466936001.992741
1;104;192;612;1466936002.0135202
1;255;400;658;1466936002.0344846
1;595;492;528;1466936002.0546293
1;788;576;452;1466936002.0749795
1;920;622;384;1466936002.0953584
1;920;748;402;1466936002.1157897
1;426;822;682;1466936002.1362767
1;104;192;736;1466936002.1568267
1;104;220;462;1466936002.177355
1;340;490;618;1466936002.19801
1;521;490;554;1466936002.2187245
1;672;530;422;1466936002.2404041
1;919;580;396;1466936002.2608242
1;800;616;472;1466936002.281325
1;240;410;668;1466936002.3019044
1;104;180;560;1466936002.322554
1;237;430;586;1466936002.3430998
1;431;454;568;1466936002.3636918
1;535;490;530;1466936002.384372
1;726;608;442;1466936002.404577
1;900;588;428;1466936002.4246976
1;788;578;456;1466936002.4448457
1;459;466;520;1466936002.465174
1;377;366;568;1466936002.485596
1;433;344;568;1466936002.5060413
1;558;412;444;1466936002.5267627
1;818;490;374;1466936002.5473926
1;919;634;400;1466936002.5681193
1;605;816;642;1466936002.5890558
1;104;410;810;1466936002.609455
1;104;140;470;1466936002.6296206
1;403;472;536;1466936002.6496713
1;551;488;570;1466936002.669887
1;723;502;472;1466936002.6901448
1;784;542;486;1466936002.7105079
1;548;516;602;1466936002.7308521
1;105;224;590;1466936002.7511928
1;104;318;426;1466936002.7717247
1;359;488;536;1466936002.792359
1;513;514;550;1466936002.8128746
1;644;564;552;1466936002.8331366
1;914;642;416;1466936002.8536735
1;920;654;414;1466936002.873979
1;688;676;510;1466936002.8944743
1;106;330;720;1466936002.9145968
1;104;196;534;1466936002.934803
1;281;462;586;1466936002.9551103
1;567;526;576;1466936002.975482
1;673;544;554;1466936002.9959373
1;914;592;364;1466936003.016284
1;850;654;410;1466936003.0365999
1;515;712;676;1466936003.0572243
1;104;274;820;1466936003.077847
1;104;192;488;1466936003.098426
1;353;490;560;1466936003.1191185
1;560;504;548;1466936003.1394565
1;757;530;470;1466936003.159569
1;918;572;380;1466936003.1796916
1;880;644;406;1466936003.1998816
1;457;624;650;1466936003.2202303
1;104;192;708;1466936003.2406278
1;104;308;522;1466936003.26109
1;374;506;608;1466936003.28163
1;565;524;564;1466936003.3019106
1;718;572;510;1466936003.3225532
1;919;614;400;1466936003.3431938
1;920;678;344;1466936003.3638911
1;711;732;486;1466936003.384212
1;163;500;742;1466936003.4045823
1;104;194;602;1466936003.4246829
1;216;458;660;1466936003.4447255
1;482;488;584;1466936003.465036
1;690;538;462;1466936003.485407
1;851;550;392;1466936003.5058053
1;920;664;322;1466936003.5262432
1;893;782;504;1466936003.5468016
1;307;724;750;1466936003.5674446
1;104;114;646;1466936003.5881164
1;104;382;486;1466936003.608777
1;383;494;662;1466936003.6294203
1;532;484;554;1466936003.649706
1;726;514;404;1466936003.6700063
1;919;598;360;1466936003.6902826
1;879;664;472;1466936003.710591
1;397;602;690;1466936003.730998
1;104;142;610;1466936003.751492
1;105;402;480;1466936003.771872
1;401;490;606;1466936003.792524
1;554;494;540;1466936003.8132186
1;708;534;440;1466936003.833705
1;919;586;392;1466936003.8544767
1;843;702;502;1466936003.8745866
1;361;632;714;1466936003.894667
1;104;118;630;1466936003.914845
1;104;398;430;1466936003.9351263
1;394;504;630;1466936003.955252
1;566;496;570;1466936003.9756622
1;756;560;448;1466936003.9959414
1;920;608;398;1466936004.0164173
1;886;680;432;1466936004.0369298
1;511;674;644;1466936004.057417
1;104;212;660;1466936004.077804
1;104;250;418;1466936004.098255
1;311;524;634;1466936004.1190665
1;529;498;604;1466936004.1396508
1;755;528;436;1466936004.1597695
1;920;622;406;1466936004.179822
1;825;692;492;1466936004.2001638
1;343;596;712;1466936004.2205448
1;104;158;576;1466936004.2406986
1;104;338;452;1466936004.2610106
1;352;498;588;1466936004.2814326
1;484;498;582;1466936004.3019962
1;673;558;514;1466936004.3224783
1;917;580;422;1466936004.343083
1;920;660;372;1466936004.3635204
1;654;720;582;1466936004.3837862
1;107;366;754;1466936004.404733
1;104;234;428;1466936004.424843
1;315;532;616;1466936004.4451573
1;517;516;580;1466936004.4655056
1;680;544;450;1466936004.4858243
1;888;564;402;1466936004.5062718
1;920;664;380;1466936004.526768
1;734;726;574;1466936004.5473902
1;133;454;728;1466936004.5680735
1;104;114;518;1466936004.5884311
1;215;472;508;1466936004.6087153
1;465;480;592;1466936004.6291635
1;617;524;502;1466936004.649467
1;917;576;426;1466936004.6697373
1;826;684;506;1466936004.6898875
1;440;642;668;1466936004.7102249
1;104;192;568;1466936004.7305439
1;104;258;426;1466936004.7509248
1;274;496;564;1466936004.771235
1;450;498;586;1466936004.7917218
1;678;562;490;1466936004.8120763
1;919;596;450;1466936004.8326685
1;864;634;434;1466936004.853211
1;559;628;602;1466936004.873697
1;104;266;594;1466936004.8938339
1;104;190;462;1466936004.9143653
1;234;506;564;1466936004.9345741
1;490;514;590;1466936004.9547129
1;728;546;484;1466936004.974888
1;917;586;410;1466936004.9952397
1;886;670;480;1466936005.0156057
1;535;672;660;1466936005.0359588
1;104;244;592;1466936005.0564065
1;104;182;398;1466936005.0769417
1;243;510;578;1466936005.0973706
1;415;526;580;1466936005.117868
1;551;528;580;1466936005.1382594
1;836;546;438;1466936005.1592457
1;920;638;392;1466936005.1795774
1;678;676;572;1466936005.1997368
1;202;478;670;1466936005.2197852
1;104;104;488;1466936005.239989
1;114;472;514;1466936005.2603397
1;379;514;634;1466936005.2807167
1;527;506;586;1466936005.3011968
1;792;562;416;1466936005.32175
1;920;636;390;1466936005.3423812
1;852;686;470;1466936005.3631063
1;455;640;682;1466936005.3837986
1;104;200;628;1466936005.4045732
1;104;298;462;1466936005.4247253
1;305;506;636;1466936005.4447665
1;459;496;580;1466936005.4649737
1;675;566;416;1466936005.4853175
1;918;590;370;1466936005.5055575
1;920;656;386;1466936005.5258462
1;683;710;596;1466936005.5462658
1;106;388;722;1466936005.5668015
1;104;146;498;1466936005.587438
1;193;508;608;1466936005.60784
1;390;488;612;1466936005.6282434
1;475;480;540;1466936005.6489234
1;754;552;396;1466936005.6695793
1;920;654;354;1466936005.689927
1;797;686;496;1466936005.710175
1;321;602;722;1466936005.7305534
1;104;118;568;1466936005.750854
1;104;422;508;1466936005.7711933
1;354;486;642;1466936005.7917054
1;424;458;562;1466936005.812284
1;640;592;424;1466936005.8329725
1;919;648;420;1466936005.8534837
1;920;720;388;1466936005.8744478
1;668;770;560;1466936005.8946657
1;104;230;712;1466936005.9147625
1;104;206;458;1466936005.935128
1;268;542;614;1466936005.9554996
1;371;476;572;1466936005.9758282
1;470;496;516;1466936005.9962225
1;671;648;410;1466936006.0166228
1;920;654;444;1466936006.0370054
1;920;770;416;1466936006.0574405
1;711;916;548;1466936006.0777335
1;238;822;480;1466936006.0983322
1;104;150;668;1466936006.1190794
2;525;526;612;1466951568.0479102
2;513;514;622;1466951568.0680246
2;507;510;634;1466951568.0880802
2;541;514;630;1466951568.108329
2;522;506;686;1466951568.1287372
2;496;512;726;1466951568.1490083
2;468;524;792;1466951568.1694422
2;520;568;806;1466951568.189659
2;543;610;768;1466951568.2101612
2;557;636;698;1466951568.2306406
2;589;568;516;1466951568.2513287
2;547;460;420;1466951568.2716525
2;453;440;468;1466951568.292045
2;491;470;422;1466951568.3129885
2;515;506;354;1466951568.3331861
2;482;502;324;1466951568.3534188
2;474;498;316;1466951568.3737993
2;500;504;320;1466951568.3942416
2;524;510;320;1466951568.414668
2;524;508;292;1466951568.4350193
2;508;552;308;1466951568.4555106
2;548;666;358;1466951568.476029
2;541;750;550;1466951568.4963965
2;516;702;770;1466951568.5165465
2;594;638;802;1466951568.537227
2;573;592;852;1466951568.5578446
2;511;572;728;1466951568.5780146
2;575;566;624;1466951568.5981674
2;558;548;680;1466951568.6184947
2;491;514;710;1466951568.6387417
2;514;522;678;1466951568.6589754
2;536;528;632;1466951568.6794214
2;514;522;650;1466951568.699883
2;505;518;734;1466951568.720265
2;473;530;834;1466951568.7404785
2;477;590;848;1466951568.760977
2;510;662;844;1466951568.7813575
2;538;710;730;1466951568.8020911
2;632;654;480;1466951568.8229246
2;541;494;362;1466951568.8430665
2;478;466;462;1466951568.8632874
2;494;484;504;1466951568.8834865
2;541;494;380;1466951568.9037313
2;497;440;340;1466951568.9238737
2;442;448;406;1466951568.9439867
2;511;470;420;1466951568.9641728
2;502;460;430;1466951568.9844506
2;477;446;428;1466951569.0045974
2;477;448;402;1466951569.024821
2;478;458;344;1466951569.0452213
2;467;468;310;1466951569.0653796
2;517;514;262;1466951569.085606
2;542;616;306;1466951569.1057966
2;573;726;430;1466951569.1261127
2;535;766;628;1466951569.1463087
2;549;696;788;1466951569.1665099
2;518;586;878;1466951569.186796
2;496;558;744;1466951569.2071931
2;557;590;616;1466951569.2272992
2;545;570;702;1466951569.2476902
2;515;546;760;1466951569.267774
2;556;560;688;1466951569.2878106
2;564;554;628;1466951569.307931
2;550;550;620;1466951569.3280468
2;485;518;666;1466951569.3482907
2;510;524;662;1466951569.368545
2;507;524;706;1466951569.388773
2;478;530;808;1466951569.408976
2;474;606;894;1466951569.429263
2;505;680;882;1466951569.4494941
2;538;694;718;1466951569.4699292
2;576;646;566;1466951569.490085
2;593;562;464;1466951569.5106907
2;550;542;452;1466951569.5311878
2;505;538;402;1466951569.5518007
2;475;522;358;1466951569.5723374
2;480;504;344;1466951569.5926979
2;488;486;386;1466951569.612825
2;490;474;422;1466951569.6329687
2;485;460;410;1466951569.6530762
2;470;442;414;1466951569.6732903
2;487;442;428;1466951569.693632
2;501;450;438;1466951569.7138014
2;499;458;368;1466951569.734048
2;477;460;294;1466951569.754279
2;525;530;264;1466951569.7745416
2;557;618;294;1466951569.7948692
2;566;726;424;1466951569.8150184
2;523;790;616;1466951569.83548
2;448;690;818;1466951569.8558705
2;579;628;810;1466951569.8759851
2;574;598;868;1466951569.8965337
2;487;572;682;1466951569.9167902
2;543;570;682;1466951569.9369335
2;566;544;760;1466951569.9573083
2;512;524;682;1466951569.9777286
2;505;522;640;1466951569.9978378
2;508;516;638;1466951570.017968
2;508;520;658;1466951570.0380094
2;497;522;736;1466951570.0581894
2;462;546;872;1466951570.078359
2;491;614;906;1466951570.098485
2;464;668;862;1466951570.1186872
2;505;674;698;1466951570.1388311
2;602;610;548;1466951570.1590765
2;587;562;536;1466951570.1794028
2;593;582;462;1466951570.1996453
2;548;576;404;1466951570.219864
2;472;546;362;1466951570.2400482
2;483;518;270;1466951570.26032
2;482;510;340;1466951570.280683
2;488;492;408;1466951570.301188
2;491;476;408;1466951570.3216162
2;485;450;402;1466951570.342161
2;482;436;400;1466951570.362371
2;486;440;416;1466951570.382675
2;499;460;398;1466951570.4027555
2;504;480;330;1466951570.422973
2;538;542;274;1466951570.4431071
2;578;654;336;1466951570.4633968
2;605;738;448;1466951570.4836466
2;503;780;690;1466951570.5038698
2;474;666;778;1466951570.5240827
2;617;644;872;1466951570.5445
2;456;560;778;1466951570.5649788
2;484;544;684;1466951570.5852177
2;586;558;702;1466951570.6056979
2;526;536;722;1466951570.6263688
2;501;526;698;1466951570.6470711
2;527;536;660;1466951570.667228
2;528;532;644;1466951570.6876326
2;524;530;648;1466951570.707962
2;492;526;736;1466951570.7281556
2;490;542;820;1466951570.7484615
2;525;586;818;1466951570.7688239
2;460;620;846;1466951570.7890093
2;465;664;764;1466951570.8094358
2;583;622;598;1466951570.829922
2;629;568;564;1466951570.850358
2;591;568;508;1466951570.8706992
2;513;548;470;1466951570.8915613
2;482;532;436;1466951570.912292
2;502;524;374;1466951570.9334352
2;492;516;340;1466951570.9537966
2;455;500;360;1466951570.9742045
2;451;484;356;1466951570.9946277
2;491;482;366;1466951571.0151136
2;512;478;396;1466951571.0355217
2;499;468;400;1466951571.055797
2;471;462;376;1466951571.0761197
2;466;470;378;1466951571.0963178
2;512;508;354;1466951571.1169758
2;538;542;326;1466951571.1375957
2;561;576;306;1466951571.157818
2;565;636;318;1466951571.1779573
2;550;774;442;1466951571.1981692
2;512;880;696;1466951571.2184882
2;437;700;918;1466951571.2387633
2;502;604;838;1466951571.2590196
2;557;590;820;1466951571.2793782
2;554;588;680;1466951571.299687
2;507;552;736;1466951571.3201673
2;485;460;698;1466951571.3405702
2;482;474;742;1466951571.3612814
2;562;528;572;1466951571.3820565
2;492;518;594;1466951571.4024796
2;497;514;640;1466951571.4230301
2;509;516;622;1466951571.4430702
2;512;522;598;1466951571.4632647
2;505;522;672;1466951571.4836187
2;449;510;812;1466951571.5039687
2;490;562;844;1466951571.5242937
2;498;590;862;1466951571.5446584
2;451;606;860;1466951571.5647476
2;502;624;726;1466951571.5850532
2;536;604;592;1466951571.6052916
2;496;598;584;1466951571.6258662
2;527;634;508;1466951571.6465333
2;587;624;424;1466951571.6670892
2;570;602;342;1466951571.6877038
2;511;560;304;1466951571.708015
2;476;558;308;1466951571.728117
2;524;558;298;1466951571.7484217
2;525;538;320;1466951571.768658
2;500;506;358;1466951571.7889762
2;487;494;382;1466951571.8092387
2;486;502;382;1466951571.8296635
2;511;522;336;1466951571.850153
2;543;542;314;1466951571.8705635
2;546;570;304;1466951571.8911295
2;516;660;338;1466951571.9116664
2;457;780;526;1466951571.932426
2;460;790;788;1466951571.9529188
2;688;696;916;1466951571.9730337
2;494;576;832;1466951571.9930806
2;375;542;716;1466951572.0131826
2;615;592;712;1466951572.0333402
2;567;562;724;1466951572.0535216
2;472;520;712;1466951572.0738235
2;506;530;678;1466951572.094208
2;532;532;656;1466951572.1145308
2;523;524;634;1466951572.1349802
2;507;522;648;1466951572.1552067
2;495;522;704;1466951572.175438
2;529;544;744;1466951572.1957269
2;554;562;736;1466951572.2161317
2;488;556;786;1466951572.2366257
2;509;566;798;1466951572.256969
2;510;576;756;1466951572.2772117
2;469;584;770;1466951572.297541
2;535;604;672;1466951572.3179166
2;532;586;554;1466951572.3380184
2;513;596;496;1466951572.3581424
2;511;584;454;1466951572.3783042
2;529;576;402;1466951572.398682
2;554;564;336;1466951572.4190793
2;508;548;320;1466951572.4395103
2;481;554;294;1466951572.4599826
2;516;546;284;1466951572.4802747
2;531;510;330;1466951572.5005956
2;507;464;412;1466951572.520954
2;479;432;472;1466951572.5413482
2;492;426;480;1466951572.5621355
2;514;448;444;1466951572.5826995
2;529;480;368;1466951572.602842
2;548;522;332;1466951572.6230698
2;555;546;298;1466951572.6431427
2;551;570;298;1466951572.6631885
2;526;644;352;1466951572.6832302
2;468;714;500;1466951572.7034054
2;433;750;668;1466951572.7237456
2;521;648;918;1466951572.7440495
2;527;556;762;1466951572.764311
2;486;560;720;1466951572.7847695
2;498;564;738;1466951572.805249
2;550;570;750;1466951572.8258772
2;551;564;746;1466951572.846291
2;553;550;696;1466951572.8670564
2;518;532;650;1466951572.8879635
2;517;522;652;1466951572.9082031
2;505;516;656;1466951572.9285307
2;514;522;644;1466951572.9488757
2;504;526;674;1466951572.9692235
2;506;528;728;1466951572.9897368
2;505;544;798;1466951573.0101583
2;463;566;846;1466951573.0303738
2;503;590;818;1466951573.0507004
2;524;586;748;1466951573.0713408
2;497;584;728;1466951573.0918577
2;508;614;608;1466951573.112622
2;534;594;526;1466951573.1331406
2;542;594;504;1466951573.153407
2;559;620;440;1466951573.1737533
2;585;566;378;1466951573.1941462
2;528;542;354;1466951573.2145808
2;459;516;320;1466951573.2348948
2;468;518;304;1466951573.2553203
2;517;510;322;1466951573.2754118
2;533;490;376;1466951573.2960584
2;511;460;424;1466951573.316616
2;494;442;450;1466951573.337413
2;500;442;434;1466951573.3579943
2;515;474;394;1466951573.3781903
2;533;510;352;1466951573.3984032
2;546;536;328;1466951573.4187825
2;540;546;308;1466951573.4390035
2;538;570;300;1466951573.4594676
2;532;636;380;1466951573.4799495
2;454;682;522;1466951573.5003924
2;446;728;670;1466951573.5208986
2;444;648;840;1466951573.5413468
2;586;614;826;1466951573.5616705
2;519;570;850;1466951573.5821438
2;468;562;702;1466951573.602501
2;577;564;708;1466951573.62281
2;542;534;742;1466951573.6430607
2;483;502;702;1466951573.6632917
2;486;506;628;1466951573.683573
2;513;508;620;1466951573.7039616
2;510;506;620;1466951573.7243717
2;508;510;624;1466951573.7448187
2;467;508;640;1466951573.7653527
2;497;530;714;1466951573.7858462
2;517;548;834;1466951573.806438
2;467;578;904;1466951573.8267918
2;520;610;860;1466951573.8472774
2;491;580;804;1466951573.8675249
2;474;588;730;1466951573.888228
2;500;616;632;1466951573.9085453
2;517;628;508;1466951573.9289012
2;513;616;446;1466951573.9492552
2;499;598;454;1466951573.9696877
2;547;592;396;1466951573.9902306
2;556;588;354;1466951574.0105329
2;516;580;296;1466951574.031185
2;516;578;238;1466951574.0516882
2;535;542;262;1466951574.0721176
2;511;488;362;1466951574.0926092
2;488;452;454;1466951574.1130133
2;498;440;474;1466951574.1331565
2;517;460;422;1466951574.1533806
2;531;494;372;1466951574.173527
2;568;528;356;1466951574.193681
2;563;536;374;1466951574.213961
2;547;548;342;1466951574.234257
2;512;564;360;1466951574.254443
2;433;584;426;1466951574.274751
2;449;636;522;1466951574.295104
2;522;708;634;1466951574.315459
2;425;644;902;1466951574.335705
2;541;570;882;1466951574.3561192
2;553;562;762;1466951574.3762257
2;549;572;696;1466951574.3965585
2;507;554;704;1466951574.4167347
2;543;536;736;1466951574.4371324
2;524;526;688;1466951574.4574797
2;515;528;634;1466951574.4777339
2;475;514;650;1466951574.4980533
2;505;526;698;1466951574.5181801
2;521;532;708;1466951574.5382242
2;504;534;754;1466951574.55841
2;505;548;752;1466951574.5786002
2;498;550;758;1466951574.5988266
2;502;562;742;1466951574.6191561
2;504;556;772;1466951574.6394804
2;501;578;744;1466951574.6599748
2;485;586;650;1466951574.6803858
2;483;584;590;1466951574.701043
2;510;584;564;1466951574.7215605
2;562;596;520;1466951574.7423115
2;574;608;484;1466951574.7624457
2;556;600;428;1466951574.7827356
2;516;580;292;1466951574.8029108
2;500;584;190;1466951574.8229523
2;503;588;198;1466951574.8429859
2;517;540;278;1466951574.8630857
2;503;476;390;1466951574.8832638
2;488;436;462;1466951574.9034257
2;479;432;484;1466951574.9236412
2;503;456;422;1466951574.9439127
2;539;490;370;1466951574.9641714
2;574;516;352;1466951574.9846158
2;558;512;362;1466951575.004952
2;505;524;378;1466951575.0255191
2;488;550;406;1466951575.0456371
2;461;600;476;1466951575.0662324
2;492;648;598;1466951575.0863755
2;503;654;762;1466951575.1065052
2;491;584;864;1466951575.1266932
2;474;546;766;1466951575.1468983
2;529;548;672;1466951575.1671858
2;506;548;690;1466951575.1873274
2;513;542;730;1466951575.2077208
2;510;528;748;1466951575.2280064
2;528;538;636;1466951575.2481484
2;510;528;638;1466951575.2683465
2;506;516;668;1466951575.2885513
2;491;524;680;1466951575.3087595
2;511;538;716;1466951575.3289795
2;515;546;740;1466951575.349188
2;514;550;766;1466951575.369667
2;475;554;792;1466951575.3899286
2;481;564;772;1466951575.4101508
2;512;556;718;1466951575.4305077
2;487;540;684;1466951575.4506598
2;479;546;632;1466951575.4708335
2;454;558;608;1466951575.4911652
2;486;568;564;1466951575.5112875
2;514;574;526;1466951575.5316935
2;534;584;504;1466951575.5519936
2;560;588;456;1466951575.57295
2;573;586;370;1466951575.5930624
2;537;588;266;1466951575.6131418
2;524;600;194;1466951575.6331832
2;533;582;192;1466951575.6535783
2;529;510;334;1466951575.673934
2;494;454;458;1466951575.6942995
2;494;424;492;1466951575.7146516
2;510;438;456;1466951575.7351046
2;514;460;388;1466951575.7554934
2;544;496;330;1466951575.7758005
2;562;522;348;1466951575.7964327
2;567;538;338;1466951575.817152
2;530;556;360;1466951575.83786
2;419;580;462;1466951575.8581526
2;452;608;544;1466951575.8782165
2;579;658;576;1466951575.898263
2;547;692;696;1466951575.918324
2;418;586;828;1466951575.9385753
2;486;574;768;1466951575.9592416
2;548;584;728;1466951575.979675
2;536;596;696;1466951576.0001297
2;570;596;770;1466951576.0203898
2;515;626;684;1466951576.040716
2;529;528;706;1466951576.061122
2;535;524;576;1466951576.081643
2;504;508;560;1466951576.1021564
2;494;506;624;1466951576.1226141
2;510;522;646;1466951576.1429987
2;518;538;686;1466951576.163205
2;540;546;742;1466951576.1832557
2;526;546;732;1466951576.203389
2;492;544;724;1466951576.2235453
2;482;542;776;1466951576.2438293
2;558;560;686;1466951576.2639441
2;522;544;638;1466951576.2844439
2;448;526;610;1466951576.304916
2;431;530;590;1466951576.3253224
2;490;554;588;1466951576.3455586
2;537;568;536;1466951576.365896
2;537;556;452;1466951576.3865116
2;504;544;456;1466951576.4067814
2;518;544;440;1466951576.4275274
2;568;560;368;1466951576.447811
2;591;550;284;1466951576.4679887
2;553;548;258;1466951576.4881797
2;518;538;294;1466951576.5082765
2;500;520;344;1466951576.5283275
2;511;504;362;1466951576.548665
2;529;508;358;1466951576.568859
2;541;524;336;1466951576.5890794
2;556;548;332;1466951576.60926
2;545;570;374;1466951576.6296945
2;493;594;454;1466951576.6502342
2;461;616;514;1466951576.6704404
2;425;630;596;1466951576.691037
2;522;668;742;1466951576.7117026
2;553;572;902;1466951576.7323565
2;395;520;674;1466951576.7529612
2;488;550;744;1466951576.7730932
2;576;576;750;1466951576.7932749
2;512;546;746;1466951576.813469
2;498;540;712;1466951576.8337336
2;514;542;700;1466951576.854112
2;545;536;666;1466951576.8742816
2;514;520;664;1466951576.8947308
2;481;510;682;1466951576.9151886
2;505;518;690;1466951576.935706
2;502;522;710;1466951576.9562762
2;494;530;766;1466951576.9765484
2;496;542;768;1466951576.9970386
2;469;546;780;1466951577.0173922
2;489;556;744;1466951577.038391
2;516;554;644;1466951577.0586858
2;461;546;608;1466951577.079033
2;466;554;570;1466951577.0994692
2;530;570;504;1466951577.1199493
2;565;580;466;1466951577.1402798
2;553;554;448;1466951577.1609285
2;515;542;420;1466951577.181288
2;501;534;380;1466951577.2015233
2;535;540;302;1466951577.2217228
2;544;542;258;1466951577.2421346
2;528;538;268;1466951577.2624311
2;498;518;318;1466951577.2835267
2;519;506;358;1466951577.3038194
2;529;510;384;1466951577.3243573
2;548;526;362;1466951577.3447
2;547;540;368;1466951577.365172
2;542;558;376;1466951577.3857296
2;490;568;410;1466951577.4060967
2;421;590;482;1466951577.4266636
2;426;616;534;1466951577.4472008
2;528;704;688;1466951577.4676757
2;588;662;918;1466951577.4881318
2;392;526;716;1466951577.5082643
2;523;540;742;1466951577.5283103
2;587;554;696;1466951577.5484881
2;462;516;716;1466951577.568848
2;472;518;712;1466951577.5890858
2;539;534;700;1466951577.6093364
2;515;518;640;1466951577.6296732
2;499;510;630;1466951577.6500149
2;501;512;654;1466951577.670607
2;495;518;696;1466951577.6911647
2;502;530;746;1466951577.711364
2;502;546;818;1466951577.7320595
2;511;566;800;1466951577.7524283
2;500;564;774;1466951577.7727647
2;490;562;754;1466951577.7931623
2;469;562;684;1466951577.8133097
2;481;588;638;1466951577.8333704
2;518;606;570;1466951577.8543303
2;538;610;480;1466951577.8747375
2;557;590;398;1466951577.8953342
2;533;564;394;1466951577.915621
2;529;544;392;1466951577.9362257
2;531;536;364;1466951577.95683
2;524;530;318;1466951577.9773304
2;501;518;282;1466951577.9976325
2;488;512;294;1466951578.0181959
2;503;498;350;1466951578.0383184
2;511;486;392;1466951578.0584817
2;514;484;400;1466951578.078809
2;519;488;386;1466951578.0994065
2;534;508;364;1466951578.1198251
2;551;516;362;1466951578.1402516
2;540;540;404;1466951578.1605637
2;469;560;490;1466951578.1811569
2;463;566;512;1466951578.2015262
2;511;632;550;1466951578.2217941
2;496;642;730;1466951578.242166
2;476;564;850;1466951578.2627077
2;497;566;772;1466951578.2829182
2;550;562;730;1466951578.303215
2;487;542;678;1466951578.3233657
2;532;544;714;1466951578.3434372
2;511;528;702;1466951578.3636396
2;497;520;664;1466951578.383941
2;510;530;640;1466951578.4043417
2;507;524;670;1466951578.4247925
2;513;528;674;1466951578.4449809
2;511;532;690;1466951578.4654644
2;494;528;742;1466951578.4858532
2;517;542;750;1466951578.5061638
2;509;548;736;1466951578.5266476
2;476;542;754;1466951578.5469508
2;509;544;732;1466951578.5674148
2;503;546;702;1466951578.5875835
2;493;542;664;1466951578.6082013
2;509;546;610;1466951578.628422
2;514;562;564;1466951578.648669
2;516;562;516;1466951578.6690423
2;527;562;478;1466951578.6894612
2;537;554;454;1466951578.709942
2;533;538;452;1466951578.7304428
2;536;536;412;1466951578.750793
2;523;536;354;1466951578.7713008
2;507;542;274;1466951578.7917774
2;522;548;248;1466951578.8121736
2;523;538;300;1466951578.8324995
2;524;516;374;1466951578.8528237
2;519;488;426;1466951578.8731446
2;524;474;436;1466951578.8934076
2;525;488;406;1466951578.9135685
2;539;508;378;1466951578.9339187
2;563;532;346;1466951578.9541636
2;547;532;334;1466951578.9745371
2;492;544;356;1466951578.9949539
2;432;566;418;1466951579.0153265
2;461;616;494;1466951579.0356045
2;483;640;642;1466951579.0558772
2;505;600;710;1466951579.076504
2;505;602;732;1466951579.096812
2;514;574;902;1466951579.117291
2;498;548;760;1466951579.1376867
2;535;542;660;1466951579.1584284
2;541;536;668;1466951579.178595
2;494;520;716;1466951579.1989455
2;469;510;720;1466951579.2193346
3;519;506;594;1466952280.557251
3;551;522;620;1466952280.5778348
3;543;512;622;1466952280.598385
3;539;500;606;1466952280.6189628
3;549;500;600;1466952280.6392856
3;588;514;620;1466952280.659402
3;617;530;624;1466952280.6796114
3;619;532;626;1466952280.6999965
3;608;530;632;1466952280.7203684
3;591;536;634;1466952280.7408519
3;567;546;634;1466952280.7612584
3;520;542;634;1466952280.7817564
3;476;544;586;1466952280.8023496
3;394;510;610;1466952280.8228939
3;410;510;636;1466952280.8433452
3;386;512;622;1466952280.8636143
3;393;514;598;1466952280.884312
3;386;510;592;1466952280.9044924
3;389;510;592;1466952280.9248068
3;400;508;606;1466952280.9452007
3;408;506;618;1466952280.9654539
3;424;510;618;1466952280.9859192
3;422;512;612;1466952281.006432
3;448;516;608;1466952281.026708
3;481;524;614;1466952281.0472062
3;502;530;620;1466952281.0677044
3;502;524;616;1466952281.087893
3;511;526;614;1466952281.1086583
3;550;534;618;1466952281.1290019
3;578;536;624;1466952281.1492057
3;597;532;616;1466952281.1693568
3;607;526;602;1466952281.1895726
3;621;522;616;1466952281.209715
3;643;526;618;1466952281.230041
3;667;532;616;1466952281.25041
3;665;534;606;1466952281.270797
3;645;528;606;1466952281.2908843
3;639;518;608;1466952281.3112285
3;634;524;614;1466952281.3316834
3;630;540;618;1466952281.3522978
3;597;536;616;1466952281.3728554
3;578;532;624;1466952281.3930576
3;565;536;630;1466952281.4136262
3;546;546;626;1466952281.434282
3;515;552;630;1466952281.454393
3;478;554;628;1466952281.4745862
3;449;546;634;1466952281.4947484
3;435;536;628;1466952281.5150983
3;429;534;612;1466952281.535506
3;401;526;604;1466952281.5559077
3;373;516;622;1466952281.5763595
3;377;516;636;1466952281.5966792
3;377;518;628;1466952281.6171072
3;372;510;620;1466952281.637454
3;370;500;614;1466952281.6581445
3;381;496;612;1466952281.679218
3;404;504;624;1466952281.6993678
3;428;514;614;1466952281.7194707
3;440;518;608;1466952281.7396746
3;451;520;614;1466952281.7599747
3;478;526;618;1466952281.7803645
3;500;530;608;1466952281.800822
3;497;534;612;1466952281.8213449
3;531;544;624;1466952281.8417082
3;560;546;628;1466952281.8621707
3;584;544;626;1466952281.8826106
3;582;538;622;1466952281.9029896
3;601;528;616;1466952281.9235048
3;623;526;624;1466952281.9444342
3;658;536;620;1466952281.9646513
3;686;540;614;1466952281.9847107
3;687;544;612;1466952282.005249
3;689;550;610;1466952282.025294
3;678;550;608;1466952282.0457327
3;642;548;618;1466952282.0661242
3;615;544;622;1466952282.086508
3;590;546;624;1466952282.1070776
3;564;548;620;1466952282.1272168
3;541;548;626;1466952282.147726
3;509;546;634;1466952282.1680772
3;486;544;634;1466952282.18838
3;457;534;650;1466952282.2091253
3;416;520;632;1466952282.229325
3;388;518;624;1466952282.249691
3;373;518;628;1466952282.269933
3;381;518;636;1466952282.2902796
3;378;518;632;1466952282.3106794
3;345;508;622;1466952282.330957
3;361;504;624;1466952282.351417
3;377;498;618;1466952282.37171
3;392;498;608;1466952282.3922164
3;403;504;592;1466952282.4127023
3;407;506;590;1466952282.4330416
3;448;518;608;1466952282.4533584
3;470;526;610;1466952282.4742627
3;484;522;604;1466952282.494479
3;486;524;598;1466952282.5146832
3;505;530;618;1466952282.5350316
3;542;538;636;1466952282.5553415
3;560;538;634;1466952282.5757976
3;576;536;618;1466952282.5960183
3;591;534;612;1466952282.6162958
3;614;534;622;1466952282.6368682
3;640;538;632;1466952282.657552
3;656;544;628;1466952282.678256
3;662;540;624;1466952282.6989825
3;672;536;616;1466952282.71909
3;672;544;620;1466952282.7393973
3;664;548;622;1466952282.759576
3;620;532;618;1466952282.779813
3;609;528;612;1466952282.8000157
3;594;534;612;1466952282.8206162
3;553;536;622;1466952282.8410935
3;551;546;624;1466952282.8611596
3;509;546;632;1466952282.8816953
3;467;534;630;1466952282.9023504
3;445;518;616;1466952282.922552
3;457;522;614;1466952282.9430554
3;447;522;636;1466952282.9631937
3;433;518;642;1466952282.983751
3;408;512;630;1466952283.0041797
3;382;504;632;1466952283.024453
3;399;504;638;1466952283.0445864
3;401;512;634;1466952283.0648265
3;388;508;634;1466952283.085222
3;390;500;614;1466952283.105563
3;405;500;606;1466952283.125772
3;427;506;606;1466952283.1460412
3;435;510;608;1466952283.166326
3;451;514;604;1466952283.1867077
3;467;516;602;1466952283.206838
3;479;520;608;1466952283.2270303
3;502;528;614;1466952283.2471733
3;509;528;616;1466952283.2673414
3;521;526;622;1466952283.2874618
3;556;536;624;1466952283.3076105
3;592;540;640;1466952283.327866
3;621;536;626;1466952283.3482177
3;615;524;606;1466952283.3684168
3;620;520;618;1466952283.388681
3;651;526;628;1466952283.4088814
3;664;528;620;1466952283.4290423
3;672;536;612;1466952283.44912
3;657;530;610;1466952283.4691777
3;646;532;614;1466952283.4892056
3;628;540;614;1466952283.5092304
3;601;536;618;1466952283.5293295
3;566;524;616;1466952283.549433
3;544;534;628;1466952283.5695448
3;531;544;642;1466952283.5896716
3;499;536;636;1466952283.6098459
3;465;528;628;1466952283.629941
3;442;522;628;1466952283.6500242
3;438;514;636;1466952283.6702046
3;442;516;632;1466952283.690384
3;419;514;616;1466952283.7106411
3;392;510;616;1466952283.7307613
3;395;514;624;1466952283.7510893
3;393;514;630;1466952283.7712078
3;389;510;618;1466952283.7913823
3;385;498;616;1466952283.8115573
3;383;492;618;1466952283.8318799
3;401;500;604;1466952283.8519685
3;426;508;610;1466952283.8721712
3;448;512;614;1466952283.8923535
3;455;510;610;1466952283.9124863
3;461;514;610;1466952283.933137
3;488;520;614;1466952283.953734
3;504;526;626;1466952283.97398
3;512;532;634;1466952283.9942503
3;536;538;634;1466952284.0143921
3;557;532;624;1466952284.034491
3;569;528;606;1466952284.0546439
3;587;528;618;1466952284.074717
3;609;530;630;1466952284.095015
3;626;532;616;1466952284.1152525
3;647;534;606;1466952284.1356025
3;652;528;610;1466952284.1560235
3;662;534;616;1466952284.1761236
3;672;544;620;1466952284.196619
3;652;544;612;1466952284.2169175
3;623;534;608;1466952284.237394
3;604;530;610;1466952284.2577858
3;579;534;606;1466952284.2781448
3;555;536;618;1466952284.298917
3;520;526;622;1466952284.3192203
3;492;520;636;1466952284.3395402
3;476;522;642;1466952284.359593
3;466;524;648;1466952284.379829
3;468;528;644;1466952284.400133
3;429;514;622;1466952284.4203308
3;412;508;618;1466952284.4427466
3;422;512;622;1466952284.463264
3;426;516;622;1466952284.483922
3;391;504;620;1466952284.5043762
3;395;500;624;1466952284.5245001
3;405;500;618;1466952284.5445993
3;409;498;612;1466952284.5647528
3;420;502;610;1466952284.5849352
3;427;504;610;1466952284.6052322
3;439;512;612;1466952284.6256285
3;455;518;622;1466952284.6460783
3;469;524;622;1466952284.6668735
3;480;524;620;1466952284.6874864
3;481;526;618;1466952284.708058
3;496;534;628;1466952284.72872
3;527;540;638;1466952284.7491589
3;537;532;628;1466952284.7695694
3;532;518;614;1466952284.7896826
3;555;522;624;1466952284.8097289
3;585;524;618;1466952284.8300319
3;607;530;618;1466952284.850407
3;634;534;614;1466952284.8706708
3;641;532;610;1466952284.8911574
3;653;534;614;1466952284.9114842
3;666;536;606;1466952284.9320493
3;663;540;606;1466952284.9526882
3;646;536;610;1466952284.9733763
3;614;526;612;1466952284.9936976
3;596;528;616;1466952285.0142133
3;584;532;626;1466952285.0344586
3;559;530;622;1466952285.0545113
3;528;528;626;1466952285.074619
3;506;526;646;1466952285.094667
3;499;524;650;1466952285.1147149
3;501;526;640;1466952285.1350505
3;494;524;626;1466952285.1553607
3;466;518;618;1466952285.1756887
3;463;524;616;1466952285.196143
3;445;528;616;1466952285.2165234
3;439;528;620;1466952285.236891
3;423;524;630;1466952285.2573333
3;362;502;630;1466952285.2777364
3;376;500;632;1466952285.2979639
3;384;494;630;1466952285.3184428
3;389;496;618;1466952285.3390553
3;408;502;614;1466952285.3595254
3;422;502;616;1466952285.3795805
3;446;506;620;1466952285.39978
3;466;512;622;1466952285.4201427
3;464;508;614;1466952285.4405723
3;478;512;624;1466952285.461021
3;499;516;628;1466952285.481375
3;511;526;622;1466952285.501783
3;537;534;620;1466952285.522124
3;560;536;624;1466952285.542798
3;559;526;622;1466952285.5633984
3;578;524;624;1466952285.584099
3;586;526;620;1466952285.6044958
3;606;528;624;1466952285.6246285
3;628;532;628;1466952285.644665
3;626;526;618;1466952285.6648664
3;628;524;602;1466952285.6851926
3;639;526;606;1466952285.705596
3;628;520;602;1466952285.7260282
3;622;522;606;1466952285.746472
3;610;522;614;1466952285.7669039
3;598;520;610;1466952285.7871673
3;606;532;620;1466952285.8072956
3;578;542;628;1466952285.827962
3;556;544;636;1466952285.848613
3;532;540;634;1466952285.8692684
3;505;534;630;1466952285.8895636
3;471;526;630;1466952285.9096594
3;457;516;630;1466952285.929855
3;439;508;632;1466952285.9502146
3;433;508;630;1466952285.9705858
3;426;508;626;1466952285.990802
3;427;510;630;1466952286.0112538
3;403;508;626;1466952286.0317214
3;398;506;630;1466952286.051985
3;407;506;624;1466952286.0724173
3;406;502;612;1466952286.0928116
3;407;500;612;1466952286.1134555
3;406;492;612;1466952286.1340773
3;423;498;610;1466952286.1545122
3;443;508;614;1466952286.1746542
3;456;516;618;1466952286.194822
3;473;520;626;1466952286.215072
3;486;522;616;1466952286.2354078
3;495;526;620;1466952286.2557344
3;492;522;626;1466952286.2761967
3;525;532;634;1466952286.2967157
3;548;536;622;1466952286.3171139
3;568;536;614;1466952286.3374877
3;597;544;620;1466952286.357924
3;608;540;622;1466952286.3781614
3;633;536;612;1466952286.3990655
3;645;534;612;1466952286.4192882
3;657;536;612;1466952286.4395278
3;647;528;616;1466952286.4596126
3;638;526;608;1466952286.4796855
3;616;522;608;1466952286.499883
3;604;518;612;1466952286.5200741
3;585;516;606;1466952286.5404298
3;574;522;616;1466952286.5608203
3;558;526;620;1466952286.5811367
3;549;534;630;1466952286.601443
3;550;538;624;1466952286.621833
3;527;540;624;1466952286.6423724
3;492;530;628;1466952286.6632247
3;485;526;626;1466952286.6833832
3;486;528;616;1466952286.703521
3;458;532;626;1466952286.7239134
3;432;522;642;1466952286.7442415
3;431;512;638;1466952286.764413
3;430;512;630;1466952286.7846289
3;406;504;622;1466952286.8047247
3;411;502;626;1466952286.8248825
3;414;498;620;1466952286.8452394
3;409;490;610;1466952286.8656073
3;420;492;612;1466952286.8859599
3;425;496;614;1466952286.906426
3;438;500;616;1466952286.926909
3;454;504;618;1466952286.9473495
3;454;504;616;1466952286.9677866
3;469;514;610;1466952286.987984
3;489;524;620;1466952287.008417
3;486;522;620;1466952287.0291674
3;509;524;626;1466952287.049543
3;522;526;616;1466952287.0698636
3;534;526;616;1466952287.0900471
3;543;520;618;1466952287.1103787
3;563;524;618;1466952287.1307182
3;584;526;610;1466952287.1509883
3;592;524;608;1466952287.1714122
3;612;528;620;1466952287.1918924
3;620;530;620;1466952287.2122424
3;625;532;616;1466952287.2329116
3;639;536;620;1466952287.2534661
3;630;532;618;1466952287.2741542
3;626;534;618;1466952287.2945194
3;611;530;610;1466952287.314679
3;590;526;608;1466952287.3348236
3;577;528;616;1466952287.3549974
3;557;522;616;1466952287.3753192
3;543;522;616;1466952287.3956807
3;519;518;620;1466952287.4160197
3;511;518;630;1466952287.4361236
3;515;524;636;1466952287.4563107
3;493;522;630;1466952287.4766912
3;466;518;624;1466952287.4971843
3;463;518;632;1466952287.5178263
3;455;514;628;1466952287.5384662
3;438;512;626;1466952287.558964
3;409;506;620;1466952287.5798218
3;398;504;620;1466952287.6001313
3;405;498;622;1466952287.6205344
3;406;494;618;1466952287.6409962
3;404;490;608;1466952287.6613834
3;409;492;606;1466952287.6815784
3;420;496;612;1466952287.7018888
3;438;502;618;1466952287.7224286
3;448;504;616;1466952287.7428794
3;451;508;612;1466952287.7634277
3;468;514;620;1466952287.783763
3;480;518;614;1466952287.8039026
3;498;524;614;1466952287.824161
3;511;528;624;1466952287.8443384
3;522;526;628;1466952287.86437
3;540;526;628;1466952287.8844125
3;551;526;622;1466952287.9045634
3;563;526;620;1466952287.924691
3;575;526;624;1466952287.9448445
3;596;526;628;1466952287.965025
3;603;522;628;1466952287.985296
3;609;522;616;1466952288.0054152
3;620;524;618;1466952288.0256414
3;625;524;620;1466952288.0458822
3;633;526;616;1466952288.0660148
3;629;528;600;1466952288.08622
3;609;524;604;1466952288.1064055
3;601;522;612;1466952288.1265574
3;590;518;608;1466952288.1468725
3;581;526;602;1466952288.167095
3;553;526;618;1466952288.1874337
3;535;524;628;1466952288.207568
3;523;518;638;1466952288.2276893
3;504;508;630;1466952288.2481272
3;473;500;628;1466952288.2682345
3;475;510;626;1466952288.2886534
3;485;524;632;1466952288.3088143
3;483;532;628;1466952288.3289769
3;457;526;622;1466952288.3491616
3;446;522;618;1466952288.3693216
3;437;514;614;1466952288.3893905
3;421;504;620;1466952288.4094245
3;419;506;626;1466952288.4294481
3;405;500;620;1466952288.4495378
3;417;502;610;1466952288.4696417
3;424;504;612;1466952288.489756
3;429;504;620;1466952288.5099337
3;425;500;616;1466952288.5302474
3;433;504;610;1466952288.5506296
3;457;514;620;1466952288.5710118
3;467;516;624;1466952288.5912943
3;470;514;628;1466952288.6116552
3;480;518;620;1466952288.6319878
3;492;522;612;1466952288.6520998
3;524;532;626;1466952288.6722422
3;542;534;630;1466952288.6926637
3;550;536;626;1466952288.7132351
3;570;532;618;1466952288.7338595
3;585;528;616;1466952288.7545536
3;615;534;626;1466952288.774731
3;619;534;618;1466952288.794775
3;614;532;608;1466952288.814971
3;602;522;610;1466952288.835316
3;585;512;612;1466952288.855666
